MaxIterations,Avg. L2,Adv Acc
1200,0.8856458,0.23557142913341522
1400,0.8636912,0.2418571412563324
1600,0.8650369,0.21078571677207947
